Timpoint,Date,ISLAND,LOCATION,Obsr,Sector,TRANSECT,DEPTH,Acanthuridae,Balistidae,Belonidae,Carangidae,Chaetodontidae,Cirrhitidae,Holocentridae,Kyphosidae,Labridae,Lethrinidae,Lutjanidae,Monacanthidae,Mullidae,Muraenidae,Ostraciidae,Pomacentridae,Priacanthidae,Scaridae,Serranidae,Synodontidae,Tetraodontidae,Zanclidae,,,,,,,,,,,,,,,,
After,09-Dec-20,OA,Hanauma,AT,Backdoors,BA,,2.88,0,0,0.08,0.32,0,0,0,0.48,0,0,0,0.40,0,0,0.24,0,0.88,0,0,0,0,,,,,,,,,,,,,,,,
After,09-Dec-20,OA,Hanauma,AT,Backdoors,BB,,7.60,0.08,0,0,0.08,0,0,0.16,0.48,0,0.08,0,0.24,0,0.08,0.56,0,0.48,0,0,0,0,,,,,,,,,,,,,,,,
After,16-Dec-20,OA,Hanauma,AT,Backdoors,BA,,5.84,0.32,0,0,0.32,0,0,0,0.40,0,0,0,0.48,0,0,1.12,0,1.12,0,0,0,0,,,,,,,,,,,,,,,,
After,16-Dec-20,OA,Hanauma,AT,Backdoors,BB,,5.60,0.08,0,0.08,0.16,0,0,0.16,0.32,0,0,0.08,0.08,0,0,0.16,0,1.04,0,0,0,0,,,,,,,,,,,,,,,,
After,30-Dec-20,OA,Hanauma,AT,Backdoors,BA,,4.24,0.08,0,0,0.24,0,0,0.16,0.08,0,0,0,0.16,0,0,0.48,0.08,0.96,0,0,0,0,,,,,,,,,,,,,,,,
After,30-Dec-20,OA,Hanauma,AT,Backdoors,BB,,2.96,0.08,0,0,0,0,0,0.08,0.56,0,0,0,0,0,0,0.32,0,0.72,0,0,0,0,,,,,,,,,,,,,,,,
After,13-Jan-21,OA,Hanauma,AT,Backdoors,BA,,3.28,0.08,0,0,0.16,0,0,0,0,0,0,0,0.16,0,0,0.64,0,0.64,0,0,0,0,,,,,,,,,,,,,,,,
After,13-Jan-21,OA,Hanauma,AT,Backdoors,BB,,6.08,0,0,0.32,0.32,0,0,0.40,0.16,0,0,0,0.08,0,0,0.48,0,1.36,0,0,0,0,,,,,,,,,,,,,,,,
After,20-Jan-21,OA,Hanauma,AT,Backdoors,BA,,2.00,0,0,0,0.32,0,0,0.16,0.32,0,0,0,0.24,0,0,0.16,0,0.08,0,0,0.08,0.08,,,,,,,,,,,,,,,,
After,20-Jan-21,OA,Hanauma,AT,Backdoors,BB,,6.32,0.16,0,0,0,0,0,0.24,0.16,0,0.08,0,0.08,0,0,0.32,0,1.44,0,0,0,0,,,,,,,,,,,,,,,,
After,09-Dec-20,OA,Hanauma,AT,Channel,CA,,7.84,0.32,0,0.16,0.32,0,0,0.08,1.04,0,0.24,0,0.16,0,0,0.48,0,0.32,0,0,0,0,,,,,,,,,,,,,,,,
After,09-Dec-20,OA,Hanauma,AT,Channel,CB,,6.72,0.16,0,0.16,0,0,0,0.08,0.80,0,0,0,0.40,0,0,0.80,0,1.12,0,0,0.16,0,,,,,,,,,,,,,,,,
After,16-Dec-20,OA,Hanauma,AT,Channel,CA,,2.72,0,0,0,0.08,0,0,0.24,0.32,0,0.16,0.08,0.16,0,0,0.56,0,0.40,0,0,0.16,0,,,,,,,,,,,,,,,,
After,16-Dec-20,OA,Hanauma,AT,Channel,CB,,4.72,0.16,0,0,0.32,0,0,0.48,0.72,0,0,0,0.08,0,0.08,0.72,0,0.56,0,0,0,0,,,,,,,,,,,,,,,,
After,30-Dec-20,OA,Hanauma,AT,Channel,CA,,4.96,0.16,0,0,0.08,0,0,0,0.40,0,0.08,0,0.16,0,0,0.64,0,1.60,0,0,0.16,0,,,,,,,,,,,,,,,,
After,30-Dec-20,OA,Hanauma,AT,Channel,CB,,3.68,0.16,0,0.08,0,0,0,0.16,0.56,0,0,0,0.08,0,0,0.24,0,0.40,0,0,0,0,,,,,,,,,,,,,,,,
After,13-Jan-21,OA,Hanauma,AT,Channel,CA,,6.48,0.08,0,0.08,0.16,0,0,0,0.24,0,0.24,0,0.40,0,0,0.48,0,0.64,0,0,0,0,,,,,,,,,,,,,,,,
After,13-Jan-21,OA,Hanauma,AT,Channel,CB,,3.84,0.16,0,0.24,0,0,0,0,0.80,0,0,0,0.08,0,0,0.32,0,0.80,0,0,0.16,0,,,,,,,,,,,,,,,,
After,20-Jan-21,OA,Hanauma,AT,Channel,CA,,4.16,0.08,0,0,0.16,0,0,0,1.20,0,0,0,0.24,0,0,0.56,0,0.56,0,0,0,0,,,,,,,,,,,,,,,,
After,20-Jan-21,OA,Hanauma,AT,Channel,CB,,3.04,0.16,0.08,0,0.08,0,0,0,0.56,0,0,0,0.08,0,0,0.32,0,1.44,0,0,0,0,,,,,,,,,,,,,,,,
After,09-Dec-20,OA,Hanauma,AT,Keyhole,KA,,23.36,0.08,0,0,0.08,0,0,0,0.64,0,0.32,0,0.24,0,0,0.32,0,0.48,0,0,0,0,,,,,,,,,,,,,,,,
After,09-Dec-20,OA,Hanauma,AT,Keyhole,KB,,5.44,0.40,0,0,0,0,0,0,0.72,0,0.08,0,0.16,0,0,0.48,0,0.40,0,0,0,0,,,,,,,,,,,,,,,,
After,16-Dec-20,OA,Hanauma,AT,Keyhole,KA,,13.20,0,0,0,0.24,0,0,0.16,0.08,0,0,0,0,0,0,0.40,0,0.56,0,0,0.08,0,,,,,,,,,,,,,,,,
After,16-Dec-20,OA,Hanauma,AT,Keyhole,KB,,5.84,0,0,0,0.08,0,0,0.08,0.24,0,0,0,0,0,0.08,0.48,0,0.16,0,0,0.08,0,,,,,,,,,,,,,,,,
After,30-Dec-20,OA,Hanauma,AT,Keyhole,KA,,18.16,0.08,0,0,0.08,0,0,0,0.24,0,0.24,0,0,0,0,0.32,0,0.40,0,0,0,0,,,,,,,,,,,,,,,,
After,30-Dec-20,OA,Hanauma,AT,Keyhole,KB,,5.28,0.16,0,0.24,0.08,0,0,0.16,0.40,0,0.08,0,0,0,0,0.24,0,0.24,0,0,0,0,,,,,,,,,,,,,,,,
After,13-Jan-21,OA,Hanauma,AT,Keyhole,KA,,15.52,0.16,0,0,0.24,0,0,0,0.64,0,0,0,0.24,0,0,0.32,0,0.40,0,0,0,0,,,,,,,,,,,,,,,,
After,13-Jan-21,OA,Hanauma,AT,Keyhole,KB,,6.88,0,0,0.24,0,0,0,0,0.56,0,0,0,0.08,0,0,0.32,0,0.24,0,0,0.16,0,,,,,,,,,,,,,,,,
After,20-Jan-21,OA,Hanauma,AT,Keyhole,KA,,5.92,0.16,0,0,0.32,0,0,0.24,1.04,0,0.08,0,0.32,0,0,0.16,0,0.56,0,0,0.08,0,,,,,,,,,,,,,,,,
After,20-Jan-21,OA,Hanauma,AT,Keyhole,KB,,6.56,0.24,0,0,0.16,0,0,0.32,0.40,0,0.08,0,0.08,0,0,0.40,0,0.40,0,0,0,0,,,,,,,,,,,,,,,,
After,09-Dec-20,OA,Hanauma,AT,WitchesBrew,WA,,1.76,0.08,0,0.08,0.32,0,0,0,0.24,0,0,0,0.08,0,0,0.24,0,0.24,0,0,0.08,0,,,,,,,,,,,,,,,,
After,09-Dec-20,OA,Hanauma,AT,WitchesBrew,WB,,0,0.08,0,0.08,0,0,0,0,0.24,0,0,0,0,0,0,0.08,0,0,0,0,0,0,,,,,,,,,,,,,,,,
After,16-Dec-20,OA,Hanauma,AT,WitchesBrew,WA,,7.28,0.16,0,0,0.80,0,0,0.08,0.08,0,0,0,0.08,0,0,0.32,0,0.80,0,0,0,0,,,,,,,,,,,,,,,,
After,16-Dec-20,OA,Hanauma,AT,WitchesBrew,WB,,0,0.08,0,0,0,0,0,0,0.08,0,0,0,0,0,0,0.16,0,0,0,0,0,0,,,,,,,,,,,,,,,,
After,30-Dec-20,OA,Hanauma,AT,WitchesBrew,WA,,7.36,0.24,0,0.24,0.24,0,0,0,0.24,0,0,0,0.16,0,0.08,0.08,0,0.08,0,0,0.08,0,,,,,,,,,,,,,,,,
After,30-Dec-20,OA,Hanauma,AT,WitchesBrew,WB,,0.24,0.16,0,0.08,0.16,0,0,0,0.16,0,0,0,0,0,0,0.08,0,0,0,0,0,0,,,,,,,,,,,,,,,,
After,13-Jan-21,OA,Hanauma,AT,WitchesBrew,WA,,3.28,0.16,0,0.16,0,0,0,0,0.08,0,0,0,0.24,0,0,0.08,0,0.64,0,0,0,0,,,,,,,,,,,,,,,,
After,13-Jan-21,OA,Hanauma,AT,WitchesBrew,WB,,0.24,0,0,0,0,0,0,0,0.16,0,0,0,0,0,0,0.08,0,0,0,0,0,0,,,,,,,,,,,,,,,,
After,20-Jan-21,OA,Hanauma,AT,WitchesBrew,WA,,0.24,0.16,0,0,0.16,0,0,0.08,0,0,0.08,0,0.16,0,0,0.32,0,0.16,0,0,0.08,0,,,,,,,,,,,,,,,,
After,20-Jan-21,OA,Hanauma,AT,WitchesBrew,WB,,11.76,0.08,0,0.08,0.64,0,0,0.32,0.08,0,0,0,0.08,0,0,0.08,0,0.16,0,0,0.08,0,,,,,,,,,,,,,,,,
Before,29-Jan-20,OA,Hanauma,YS,Backdoors,BA,0.6,4.56,0.08,0,0.08,0.32,0.00,0,0,0.56,0.00,0,0,0.16,0.00,0.00,0.72,0.00,0.08,0.00,0.00,0.16,0.08,,,,,,,,,,,,,,,,
Before,11-Feb-20,OA,Hanauma,YS,Backdoors,BA,0.6,8.00,0,0,0,0.32,0.00,0,0,0.64,0.00,0,0,0,0.00,0.00,1.04,0.00,0.40,0.00,0.00,0.08,0.16,,,,,,,,,,,,,,,,
Before,29-Jan-20,OA,Hanauma,YS,Backdoors,BB,0.6,5.76,0.40,0,0,0.32,0.00,0,0.08,0.96,0.00,0,0,0,0.00,0.00,0.56,0.00,0.72,0.00,0.00,0.08,0,,,,,,,,,,,,,,,,
Before,11-Feb-20,OA,Hanauma,YS,Backdoors,BB,0.6,4.32,0.40,0,0,0.16,0.00,0,0.08,0.80,0.00,0,0,0,0.00,0.00,0.64,0.00,4.24,0.00,0.00,0,0,,,,,,,,,,,,,,,,
Before,19-Nov-19,OA,Hanauma,YS,Channel,CA,0.75,16.16,0,0,0.16,0.40,0.00,0.08,0.16,1.04,0.00,0.16,0,0.08,0.00,0.00,0.80,0.00,0.24,0.00,0.00,0,0,,,,,,,,,,,,,,,,
Before,29-Jan-20,OA,Hanauma,YS,Channel,CA,0.6,17.04,0.16,0,0,0.32,0.00,0.08,0.24,0.80,0.00,0.16,0,0,0.00,0.00,0.56,0.00,0.24,0.00,0.00,0.32,0,,,,,,,,,,,,,,,,
Before,11-Feb-20,OA,Hanauma,KS,Channel,CA,0.75,9.60,0,0,0,0.24,0.00,0,0,0.48,0.00,0,0,0,0.00,0.00,0.40,0.00,0.40,0.00,0.00,0.08,0,,,,,,,,,,,,,,,,
Before,19-Nov-19,OA,Hanauma,YS,Channel,CB ,0.75,6.24,0.16,0,0,0.24,0.00,0,0,1.04,0.00,0,0,0.16,0.00,0.00,0.48,0.00,0.72,0.00,0.00,0.16,0,,,,,,,,,,,,,,,,
Before,29-Jan-20,OA,Hanauma,YS,Channel,CB,0.6,2.40,0.32,0,0.16,0.24,0.00,0,0,0.24,0.00,0,0,0.24,0.00,0.00,0.32,0.00,0.96,0.00,0.00,0.16,0,,,,,,,,,,,,,,,,
Before,11-Feb-20,OA,Hanauma,KS,Channel,CB,0.75,1.76,0,0,0,0.08,0.00,0,0,0.80,0.00,0.08,0,0,0.00,0.00,0,0.00,0.16,0.00,0.00,0.08,0,,,,,,,,,,,,,,,,
Before,19-Nov-19,OA,Hanauma,YS,Keyhole,KA,1,2.24,0.08,0,0,0.16,0.00,0,0.32,0.40,0.00,0.08,0,0.24,0.00,0.00,0.32,0.00,0.16,0.00,0.00,0.08,0,,,,,,,,,,,,,,,,
Before,29-Jan-20,OA,Hanauma,YS,Keyhole,KA,0.5,0.56,0,0,0,0.08,0.00,0,0,0.08,0.00,0.08,0,0,0.00,0.00,0.08,0.00,0,0.00,0.00,0,0,,,,,,,,,,,,,,,,
Before,29-Jan-20,OA,Hanauma,YS,Keyhole,KA,0.6,5.28,0.24,0,0,0,0.00,0,0.16,0.24,0.00,0,0,0,0.00,0.00,0,0.00,0.32,0.00,0.00,0,0,,,,,,,,,,,,,,,,
Before,29-Jan-20,OA,Hanauma,YS,Keyhole,KA,0.75,0.32,0,0,0,0.16,0.00,0,0,0.48,0.00,0,0,0,0.00,0.00,0.08,0.00,0.08,0.00,0.00,0,0,,,,,,,,,,,,,,,,
Before,11-Feb-20,OA,Hanauma,YS,Keyhole,KA,0.6,2.56,0,0,0,0.08,0.00,0,0,0.56,0.00,0,0,0,0.00,0.00,0.32,0.00,0.16,0.00,0.00,0,0,,,,,,,,,,,,,,,,
Before,19-Nov-19,OA,Hanauma,YS,Keyhole,KB,1,4.24,0,0,0.24,0.08,0.00,0,0.24,0.72,0.00,0,0,0,0.00,0.00,0.48,0.00,0.32,0.00,0.00,0.24,0,,,,,,,,,,,,,,,,
Before,29-Jan-20,OA,Hanauma,YS,Keyhole,KB,0.75,4.88,0.08,0,0,0.32,0.00,0.08,0,0.96,0.00,0,0,0.24,0.00,0.00,0.40,0.00,0.88,0.00,0.00,0.16,0,,,,,,,,,,,,,,,,
Before,11-Feb-20,OA,Hanauma,YS,Keyhole,KB,0.6,3.28,0,0,0,0,0.00,0,0,0.96,0.00,0,0,0,0.00,0.00,0.56,0.00,0,0.00,0.00,0,0,,,,,,,,,,,,,,,,
Before,19-Nov-19,OA,Hanauma,YS,WitchesBrew,WA,0.6,2.72,0,0,0,0.08,0.00,0.08,0,0.16,0.00,0,0.08,0,0.00,0.00,0.24,0.00,0.08,0.00,0.00,0.24,0,,,,,,,,,,,,,,,,
Before,29-Jan-20,OA,Hanauma,YS,WitchesBrew,WA,0.5,2.00,0.16,0,0.24,0,0.00,0,0.24,0.80,0.00,0,0,0.08,0.00,0.00,0.40,0.00,0.48,0.00,0.00,0,0,,,,,,,,,,,,,,,,
Before,11-Feb-20,OA,Hanauma,YS,WitchesBrew,WA,0.5,1.20,0.08,0,0,0.08,0.00,0,0,0,0.00,0,0,0,0.00,0.00,0.16,0.00,0,0.00,0.00,0,0,,,,,,,,,,,,,,,,
Before,19-Nov-19,OA,Hanauma,YS,WitchesBrew,WB,0.6,0.96,0.08,0,0.48,0.32,0.00,0,0,0,0.00,0,0,0,0.00,0.00,0,0.00,0,0.00,0.00,0.32,0,,,,,,,,,,,,,,,,
Before,29-Jan-20,OA,Hanauma,YS,WitchesBrew,WB,0.5,1.84,0.24,0,0.48,0.16,0.00,0,0.08,0.08,0.00,0,0,0,0.00,0.00,0.08,0.00,0,0.00,0.00,0.08,0,,,,,,,,,,,,,,,,
Before,11-Feb-20,OA,Hanauma,YS,WitchesBrew,WB,0.5,0.08,0,0,0,0,0.00,0,0,0.08,0.00,0,0,0,0.00,0.00,0,0.00,0,0.00,0.00,0,0,,,,,,,,,,,,,,,,
During,21-Apr-20,OA,Hanauma,AT,Backdoors,BA,,6.88,0,0,0.24,0.56,0,0,0.16,1.04,0,0,0,0.80,0,0.08,1.44,0.00,2.08,0,0,0.16,0.16,,,,,,,,,,,,,,,,
During,21-Apr-20,OA,Hanauma,AT,Backdoors,BB,,7.28,0.24,0,0,0.16,0,0,0.48,0.88,0,0.08,0,0,0,0,1.04,0.00,1.12,0,0,0.16,0,,,,,,,,,,,,,,,,
During,12-May-20,OA,Hanauma,AT,Backdoors,BA,,1.52,0.40,0,0.08,0.08,0,0,0.16,1.60,0,0,0,0.08,0,0,0.88,0.00,0,0,0,0.24,0,,,,,,,,,,,,,,,,
During,12-May-20,OA,Hanauma,AT,Backdoors,BB,,9.12,0,0,0,0.24,0,0.08,0.48,1.12,0,0,0,0.08,0,0,0.48,0.00,0.72,0,0,0,0,,,,,,,,,,,,,,,,
During,19-May-20,OA,Hanauma,AT,Backdoors,BA,,4.64,0,0,0,0.16,0,0,0.08,0.32,0,0,0,0.16,0,0,0.40,0.00,0.32,0,0,0,0.16,,,,,,,,,,,,,,,,
During,19-May-20,OA,Hanauma,AT,Backdoors,BB,,4.00,0,0,0,0.16,0,0,0.24,0.24,0,0,0,0,0,0,0.08,0.00,0.64,0,0,0,0,,,,,,,,,,,,,,,,
During,26-May-20,OA,Hanauma,AT,Backdoors,BA,,4.00,0,0,0,0.08,0,0,0.08,0.88,0,0,0,0,0,0,0.64,0.00,0.40,0,0,0,0.40,,,,,,,,,,,,,,,,
During,26-May-20,OA,Hanauma,AT,Backdoors,BB,,19.36,0.32,0,0.08,0.64,0,0,0.64,1.04,0,0.08,0,0.08,0.08,0,0.80,0.00,0.64,0,0,0.40,0,,,,,,,,,,,,,,,,
During,23-Jun-20,OA,Hanauma,AT,Backdoors,BA,,3.36,0,0,0.16,0.24,0,0,0.08,0.24,0,0,0,0,0,0,0.88,0.00,0.96,0,0,0,0,,,,,,,,,,,,,,,,
During,23-Jun-20,OA,Hanauma,AT,Backdoors,BB,,2.24,0,0,0,0.16,0,0,0.16,0,0,0,0,0,0,0,0.08,0.00,1.92,0,0,0,0.16,,,,,,,,,,,,,,,,
During,30-Jun-20,OA,Hanauma,AT,Backdoors,BA,,7.76,0.08,0,0.24,0.40,0,0,0.16,0.64,0,0,0,0.16,0,0,0.64,0.00,1.52,0.08,0,0.08,0.16,,,,,,,,,,,,,,,,
During,30-Jun-20,OA,Hanauma,AT,Backdoors,BB,,7.92,0.08,0,0.16,0,0,0.08,0.40,0.96,0,0,0,0.08,0,0,0.24,0.00,0.48,0.16,0,0,0,,,,,,,,,,,,,,,,
During,07-Jul-20,OA,Hanauma,AT,Backdoors,BA,,12.00,0.16,0,0,0.40,0,0,0.32,0.88,0,0,0,0.08,0,0,0.80,0.00,0.08,0,0,0,0,,,,,,,,,,,,,,,,
During,07-Jul-20,OA,Hanauma,AT,Backdoors,BB,,4.72,0.08,0,0,0.16,0,0,0.72,0.56,0,0.08,0,0.16,0,0,0.16,0.00,0.56,0,0,0.16,0,,,,,,,,,,,,,,,,
During,28-Oct-20,OA,Hanauma,AT,Backdoors,BA,,5.60,0.08,0,0,0.56,0,0,0.56,0.16,0,0.08,0,0.32,0,0,0.32,0.00,2.56,0,0,0.16,0.24,,,,,,,,,,,,,,,,
During,28-Oct-20,OA,Hanauma,AT,Backdoors,BB,,4.24,0.16,0,0.08,0.40,0,0,0,0.56,0,0.08,0,0,0,0,0.40,0.00,2.32,0,0,0,0,,,,,,,,,,,,,,,,
During,24-Nov-20,OA,Hanauma,AT,Backdoors,BA,,5.20,0,0,0,0.32,0,0,0,0.16,0,0,0,0.24,0,0,0.56,0.00,0.08,0.08,0,0,0,,,,,,,,,,,,,,,,
During,24-Nov-20,OA,Hanauma,AT,Backdoors,BB,,6.80,0.24,0,0.08,0.64,0,0,0.40,0.24,0.08,0,0,0.24,0,0,0.40,0.00,2.00,0,0,0.16,0,,,,,,,,,,,,,,,,
During,01-Dec-20,OA,Hanauma,AT,Backdoors,BA,,11.36,0.16,0,0.24,0.40,0,0,0.16,0.16,0,0,0,0.16,0,0,0.56,0.00,0,0,0,0,0,,,,,,,,,,,,,,,,
During,01-Dec-20,OA,Hanauma,AT,Backdoors,BB,,11.04,0.24,0,0,0.56,0,0,0.16,1.12,0,0.08,0,0.16,0,0,0.32,0.00,0.56,0,0,0.16,0,,,,After,Backdoors,,,Keyhole,,,Channel,,,WitchesBrew,,
During,21-Apr-20,OA,Hanauma,AT,Channel,CA,,6.56,0.32,0,0,0.48,0,0,0,2.72,0,0,0,0.32,0,0.16,0.96,0.00,0.48,0,0,0.32,0,,SD,SE,,MEAN,SD,SE,MEAN,SD,SE,MEAN,SD,SE,MEAN,SD,SE
During,21-Apr-20,OA,Hanauma,AT,Channel,CB,,4.80,0.24,0,0,0.40,0,0,0,1.28,0,0,0,0.08,0,0.24,0.96,0.00,0.40,0,0,0,0,,3.299696956,0.73783467,,4.68,1.852997572,0.585969282,10.616,6.502845873,2.056380423,4.816,1.692776811,0.535303029,3.216,4.164237158,1.316847414
During,12-May-20,OA,Hanauma,AT,Channel,CA,,5.92,0.16,0,0,0.32,0,0,0,1.84,0.08,0,0,0.08,0,0,0.56,0.00,0.48,0,0,0.16,0,,0.101442231,0.022683173,,0.088,0.09577752,0.030287511,0.128,0.126209702,0.039911012,0.144,0.082623645,0.026127891,0.12,0.067986927,0.021499354
During,12-May-20,OA,Hanauma,AT,Channel,CB,,4.40,0.40,0,0.32,0.48,0,0,0,1.92,0,0.08,0,0.32,0,0,0.80,0.00,1.28,0,0,0.24,0,,0,0,,0,0,0,0,0,0,0.008,0.025298221,0.008,0,0,0
During,19-May-20,OA,Hanauma,AT,Channel,CA,,5.60,0.16,0,0,0.16,0,0,0,0.64,0,0.08,0,0.08,0,0,0.08,0.00,0.24,0,0,0.08,0,,0.165383128,0.036980792,,0.048,0.101192885,0.032,0.048,0.101192885,0.032,0.072,0.088040395,0.027840817,0.072,0.079554314,0.025157283
During,19-May-20,OA,Hanauma,AT,Channel,CB,,4.32,0.32,0,0,0.24,0,0,0.16,0.48,0,0.08,0,0,0,0,0.40,0.00,0.72,0,0,0.48,0,,0.158890893,0.035529084,,0.192,0.131723616,0.041654665,0.128,0.107991769,0.034149996,0.12,0.120738469,0.038180856,0.232,0.283345098,0.089601587
During,26-May-20,OA,Hanauma,AT,Channel,CA,,7.28,0.48,0,0,0.40,0,0,0,1.12,0,0.24,0,0.32,0,0,0.48,0.00,1.36,0,0,0.16,0,,0,0,,0,0,0,0,0,0,0,0,0,0,0,0
During,26-May-20,OA,Hanauma,AT,Channel,CB,,3.12,0,0.48,0,0.16,0,0,0.08,0.80,0,0.08,0,0,0,0,0.64,0.00,0.16,0,0,0.08,0,,0,0,,0,0,0,0,0,0,0,0,0,0,0,0
During,23-Jun-20,OA,Hanauma,AT,Channel,CA,,2.80,0.16,1.60,0.16,0.40,0,0,0.16,1.12,0,0,0,0.40,0,0,0.72,0.00,0.56,0,0,0.08,0,,0.048384426,0.010819086,,0.136,0.125361699,0.03964285,0.096,0.118058366,0.037333333,0.104,0.155720547,0.049243161,0.048,0.101192885,0.032
During,23-Jun-20,OA,Hanauma,AT,Channel,CB,,2.72,0.24,0,0,0.08,0,0,0,0.48,0,0,0,0.32,0,0,0.24,0.00,0.72,0.08,0,0.16,0,,0.285627656,0.063868286,,0.296,0.188750276,0.059688078,0.496,0.28170907,0.08908423,0.664,0.308804145,0.097652445,0.136,0.084747992,0.026799668
During,30-Jun-20,OA,Hanauma,AT,Channel,CA,,4.48,0.08,0,0,0.48,0,0,0,0.72,0,0.08,0,0,0,0,0.32,0.00,1.04,0,0,0.16,0.16,,0,0,,0,0,0,0,0,0,0,0,0,0,0,0
During,30-Jun-20,OA,Hanauma,AT,Channel,CB,,4.00,0.08,0,0,0.08,0,0,0,0.88,0,0,0,0.08,0,0,0.32,0.00,0.24,0,0,0.40,0,,0.02462348,0.005505978,,0.016,0.033730962,0.010666667,0.088,0.109625626,0.034666667,0.072,0.102934715,0.032550815,0.008,0.025298221,0.008
During,07-Jul-20,OA,Hanauma,AT,Channel,CA,,6.80,0,0.64,0.08,0.08,0,0,0.24,1.12,0,0,0,0,0,0,1.20,0.00,0.48,0,0,0.56,0,,0.035777088,0.008,,0.008,0.025298221,0.008,0,0,0,0.008,0.025298221,0.008,0,0,0
During,07-Jul-20,OA,Hanauma,AT,Channel,CB,,3.60,0.32,0.48,0.16,0.24,0,0,0,0.88,0,0,0,0.24,0,0,0.64,0.00,0.08,0,0,0.08,0,,0.165179328,0.036935221,,0.192,0.151789328,0.048,0.112,0.120443624,0.038087618,0.184,0.125361699,0.03964285,0.08,0.084327404,0.026666667
During,28-Oct-20,OA,Hanauma,AT,Channel,CA,,11.04,0.08,0,0,0.40,0,0,0,0.56,0,0.40,0,0.08,0,0,0.80,0.00,1.84,0,0,0,0,,0.017888544,0.004,,0,0,0,0,0,0,0,0,0,0,0,0
During,28-Oct-20,OA,Hanauma,AT,Channel,CB,,2.80,0.40,0,0.08,0.48,0,0,0.08,0.88,0,0.08,0,0.08,0,0,0.48,0.00,0.80,0,0,0.16,0,,0.039148839,0.008753946,,0.008,0.025298221,0.008,0.008,0.025298221,0.008,0.008,0.025298221,0.008,0.008,0.025298221,0.008
During,24-Nov-20,OA,Hanauma,AT,Channel,CA,,13.60,0.24,0,0.32,0.56,0,0,0.08,0.48,0,0.32,0,1.20,0,0,0.32,0.00,0.32,0,0,0.24,0,,0.183716028,0.041080153,,0.448,0.287703551,0.090979851,0.344,0.100133245,0.031664912,0.512,0.181646788,0.057441758,0.152,0.102934715,0.032550815
During,24-Nov-20,OA,Hanauma,AT,Channel,CB,,6.40,0.08,0,0,0.08,0,0,0.08,0.32,0,0,0,0.08,0,0,0.40,0.00,0.96,0,0,0,0,,0,0,,0.008,0.025298221,0.008,0,0,0,0,0,0,0,0,0
During,01-Dec-20,OA,Hanauma,AT,Channel,CA,,7.28,0.40,0,0.16,0.24,0,0,0.16,1.12,0,0,0,0.88,0,0,0.72,0.00,3.04,0,0,0.16,0,,1.026437887,0.229518489,,0.872,0.410441497,0.129792998,0.384,0.134923847,0.042666667,0.784,0.452233961,0.143008935,0.208,0.285221162,0.090194851
During,01-Dec-20,OA,Hanauma,AT,Channel,CB,,10.56,0.24,0,0,0.40,0.08,0,0.16,0.56,0,0,0,0.08,0,0,0.16,0.00,0.56,0,0,0.24,0,,0,0,,0,0,0,0,0,0,0,0,0,0,0,0
During,21-Apr-20,OA,Hanauma,AT,Keyhole,KA,,6.80,0.08,0,0.08,0.08,0,0,0,0.96,0,0.16,0,0.08,0,0.16,0.48,0.00,0.56,0,0,0,0,,0,0,,0,0,0,0,0,0,0,0,0,0,0,0
During,21-Apr-20,OA,Hanauma,AT,Keyhole,KB,,13.76,0.08,0,0.24,0.88,0,0,0.16,0.96,0,0.08,0,0.24,0,0.40,1.04,0.00,0.88,0,0,0,0,,0.127155106,0.028432746,,0.008,0.025298221,0.008,0.04,0.056568542,0.017888544,0.064,0.082623645,0.026127891,0.032,0.041311822,0.013063945
During,12-May-20,OA,Hanauma,AT,Keyhole,KA,,3.36,0.08,0,0,0.40,0,0,0.16,0.72,0,0,0,0.08,0,0,0.64,0.00,0,0,0.08,0.16,0,,0,0,,0.008,0.025298221,0.008,0,0,0,0,0,0,0,0,0
During,12-May-20,OA,Hanauma,AT,Keyhole,KB,,5.04,0,0,0,0.08,0,0,0.08,1.76,0,0.24,0,0.16,0,0,2.00,0.00,0.24,0,0,0,0,,,,,,,,,,,,,,,,
During,19-May-20,OA,Hanauma,AT,Keyhole,KA,,2.64,0.08,0,0,0.16,0,0,0.40,0.16,0,0.08,0,0.08,0,0,0.16,0.00,0.16,0,0,0,0,,,,,,WitchesBrew,,,,,,,,,,
During,19-May-20,OA,Hanauma,AT,Keyhole,KB,,8.16,0.08,0,0.08,0.56,0,0,0,0.48,0,0.40,0,0.48,0,0,0.48,0.00,0.96,0,0,0.08,0,,,,,,Mean,,,SE,,,,,,,
During,26-May-20,OA,Hanauma,AT,Keyhole,KA,,8.32,0,0,0,0.56,0,0,0.16,0.88,0,0.08,0,0.08,0,0,0.24,0.00,0.48,0,0,0.24,0,,After,,,,Before,During ,After,Before,During ,After,,,,,
During,26-May-20,OA,Hanauma,AT,Keyhole,KB,,6.16,0.08,0,0,0.32,0,0,0.16,0.64,0,0.16,0,0,0,0,1.20,0.00,2.56,0,0,0.16,0,Acanthuridae,0.535303029,,,Surgeonfishes,1.466666667,3.18,3.216,0.376179626,0.73783467,1.316847414,,,,,
During,23-Jun-20,OA,Hanauma,AT,Keyhole,KA,,2.32,0.08,0,0.08,0.40,0,0,0,0.48,0,0.16,0,0.24,0,0.08,0.16,0.00,0.16,0,0,0.16,0,Balistidae,0.026127891,,,Triggerfishes,0.093333333,0.228,0.12,0.038180856,0.022683173,0.021499354,,,,,
During,23-Jun-20,OA,Hanauma,AT,Keyhole,KB,,6.16,0,0,0,0.16,0,0,0.08,0.80,0,0,0,0,0,0,0.16,0.00,0.72,0,0,0.24,0,Belonidae,0.008,,,Needlefishes,0,0,0,0,0,0,,,,,
During,30-Jun-20,OA,Hanauma,AT,Keyhole,KA,,8.72,0.08,0,0,0.40,0,0,0.24,0.64,0,0,0,0.32,0,0,0.40,0.00,1.12,0,0,0,0,Carangidae,0.027840817,,,Jacks,0.2,0.096,0.072,0.096332757,0.036980792,0.025157283,,,,,
During,30-Jun-20,OA,Hanauma,AT,Keyhole,KB,,8.00,0,0,0,0,0,0,0.24,0.64,0,0.08,0,0.08,0,0,0.32,0.00,0.40,0,0,0,0,Chaetodontidae,0.038180856,,,Butterflyfishes,0.106666667,0.164,0.232,0.049170904,0.035529084,0.089601587,,,,,
During,07-Jul-20,OA,Hanauma,AT,Keyhole,KA,,4.80,0.08,0,0,0.08,0,0,0.16,0.96,0,0,0,0.16,0,0,0.48,0.00,0.40,0,0,0.16,0,Cirrhitidae,0,,,Hawkfishes,0,0,0,0,0,0,,,,,
During,07-Jul-20,OA,Hanauma,AT,Keyhole,KB,,5.52,0.16,0,0.08,0.80,0,0,0.32,1.04,0,0.08,0,0.56,0,0,0.56,0.00,1.28,0,0,0.16,0,Holocentridae,0,,,Squirrelfishes,0.013333333,0,0,0.013333333,0,0,,,,,
During,28-Oct-20,OA,Hanauma,AT,Keyhole,KA,,4.64,0,0,0,0,0,0,0.24,0.16,0,0.08,0,0,0,0,0.48,0.00,1.20,0,0,0,0,Kyphosidae,0.049243161,,,Chubs,0.053333333,0.036,0.048,0.039553059,0.010819086,0.032,,,,,
During,28-Oct-20,OA,Hanauma,AT,Keyhole,KB,,3.84,0.08,0,0,0.32,0,0,0.88,0.80,0,0,0,0.08,0,0,0.56,0.00,2.24,0,0,0.08,0,Labridae,0.097652445,,,Wrasses,0.186666667,0.296,0.136,0.125077754,0.063868286,0.026799668,,,,,
During,24-Nov-20,OA,Hanauma,AT,Keyhole,KA,,4.96,0,0,0,0.48,0,0,0.08,1.04,0,0.16,0,0,0,0,0.64,0.00,0.08,0,0,0.16,0,Lethrinidae,0,,,Emperors,0,0,0,0,0,0,,,,,
During,24-Nov-20,OA,Hanauma,AT,Keyhole,KB,,3.76,0.16,0,0,0,0,0,0.16,0.80,0,0,0,0,0,0.16,0.56,0.00,0.08,0,0,0.16,0,Lutjanidae,0.032550815,,,Snappers,0,0.008,0.008,0,0.005505978,0.008,,,,,
During,01-Dec-20,OA,Hanauma,AT,Keyhole,KA,,8.08,0,0,0,0.56,0,0,0,0.72,0,0.16,0,0,0,0,0.64,0.00,0.08,0,0,0.16,0,Monacanthidae,0.008,,,Filefishes,0.013333333,0.008,0,0.013333333,0.008,0,,,,,
During,01-Dec-20,OA,Hanauma,AT,Keyhole,KB,,22.48,0.16,0,0.24,0.16,0,0,0.40,0.72,0,0.08,0,0.08,0,0,0.64,0.00,0.40,0,0,0.08,0,Mullidae,0.03964285,,,Goatfishes,0.013333333,0.12,0.08,0.013333333,0.036935221,0.026666667,,,,,
During,21-Apr-20,OA,Hanauma,AT,WitchesBrew,WA,,2.32,0.08,0,0,0,0,0,0,0.64,0,0.08,0,0,0,0,0.56,0.00,0.08,0,0,0.24,0,Muraenidae,0,,,Eels,0,0.004,0,0,0.004,0,,,,,
During,21-Apr-20,OA,Hanauma,AT,WitchesBrew,WB,,0.24,0.32,0,0.16,0.16,0,0,0,0.24,0,0,0,0,0.08,0.08,0,0.00,0,0,0,0.16,0,Ostraciidae,0.008,,,Boxfishes,0,0.012,0.008,0,0.008753946,0.008,,,,,
During,12-May-20,OA,Hanauma,AT,WitchesBrew,WA,,3.68,0.24,0,0.08,0,0,0,0.08,0.96,0,0,0,0.24,0,0,0.32,0.00,0.40,0,0,0.08,0,Pomacentridae,0.057441758,,,Damselfishes,0.146666667,0.184,0.152,0.063385943,0.041080153,0.032550815,,,,,
During,12-May-20,OA,Hanauma,AT,WitchesBrew,WB,,10.24,0.24,0,0,0.32,0,0,0.08,0.16,0,0,0,0.24,0,0,0,0.00,1.68,0,0,0.16,0,Priacanthidae,0,,,Bigeyes,0,0,0,0,0,0,,,,,
During,19-May-20,OA,Hanauma,AT,WitchesBrew,WA,,3.68,0.08,0,0,0.08,0,0,0,0,0,0,0,0,0,0,0.08,0.00,0,0,0,0,0,Scaridae,0.143008935,,,Parrotfishes,0.093333333,0.552,0.208,0.07842902,0.229518489,0.090194851,,,,,
During,19-May-20,OA,Hanauma,AT,WitchesBrew,WB,,1.12,0.24,0,0,0,0,0,0,0.16,0,0,0,0,0,0,0,0.00,0,0,0,0,0,Serranidae,0,,,Groupers,0,0,0,0,0,0,,,,,
During,26-May-20,OA,Hanauma,AT,WitchesBrew,WA,,1.92,0.32,0,0,0.32,0,0,0,0.56,0,0,0,0.16,0,0,0.56,0.00,0.64,0,0,0.16,0,Synodontidae,0,,,Lizardfishes,0,0,0,0,0,0,,,,,
During,26-May-20,OA,Hanauma,AT,WitchesBrew,WB,,6.40,0.08,0,0.08,0.24,0,0,0.08,0.08,0,0,0,0,0,0,0,0.00,0.16,0,0,0,0,Tetraodontidae,0.026127891,,,Puffers,0.106666667,0.08,0.032,0.057193628,0.028432746,0.013063945,,,,,
During,23-Jun-20,OA,Hanauma,AT,WitchesBrew,WA,,2.88,0.32,0,0.24,0.08,0,0,0.08,0.16,0,0,0,0.24,0,0,0.24,0.00,4.40,0,0,0,0,Zanclidae,0,,,Moorish Idol,0,0,0,0,0,0,,,,,
During,23-Jun-20,OA,Hanauma,AT,WitchesBrew,WB,,0.08,0.40,0,0,0,0,0,0,0,0,0,0,0,0,0,0,0.00,0,0,0,0,0,,,,,,,,,,,,,,,,
During,30-Jun-20,OA,Hanauma,AT,WitchesBrew,WA,,2.64,0.16,0,0.40,0.40,0,0,0.16,0.80,0,0.08,0,0.48,0,0,0.24,0.00,0.72,0,0,0.48,0,,,,,,,,,,,,,,,,
During,30-Jun-20,OA,Hanauma,AT,WitchesBrew,WB,,0.56,0.08,0,0.08,0.24,0,0,0,0.16,0,0,0,0,0,0,0.08,0.00,0,0,0,0,0,,,,,,,,,,,,,,,,
During,07-Jul-20,OA,Hanauma,AT,WitchesBrew,WA,,2.72,0.24,0,0,0.16,0,0,0,0.08,0,0,0,0,0,0,0.08,0.00,1.12,0,0,0,0,,,,,,,,,,,,,,,,
During,07-Jul-20,OA,Hanauma,AT,WitchesBrew,WB,,12.40,0.32,0,0,0.16,0,0,0.08,0,0,0,0,0,0,0,0,0.00,0.08,0,0,0.08,0,,,,,,,,,,,,,,,,
During,28-Oct-20,OA,Hanauma,AT,WitchesBrew,WA,,1.12,0.16,0,0.08,0.24,0,0,0,0.32,0,0,0.16,0.40,0,0,0.08,0.00,0.88,0,0,0,0,,,,,,,,,,,,,,,,
During,28-Oct-20,OA,Hanauma,AT,WitchesBrew,WB,,0.08,0.32,0,0,0,0,0,0,0.32,0,0,0,0,0,0,0.24,0.00,0,0,0,0,0,,,,,,,,,,,,,,,,
During,24-Nov-20,OA,Hanauma,AT,WitchesBrew,WA,,2.00,0.16,0,0.16,0.40,0,0,0,0.08,0,0,0,0.40,0,0,0.32,0.00,0,0,0,0,0,,,,,,,,,,,,,,,,
During,24-Nov-20,OA,Hanauma,AT,WitchesBrew,WB,,4.64,0.32,0,0.64,0,0,0,0.08,0.08,0,0,0,0,0,0,0.16,0.00,0,0,0,0,0,,,,,,,,,,,,,,,,
During,01-Dec-20,OA,Hanauma,AT,WitchesBrew,WB,,0.16,0.16,0,0,0,0,0,0,0.56,0,0,0,0,0,0.16,0.40,0.00,0,0,0,0.24,0,,,,,,,,,,,,,,,,
During,01-Dec-20,OA,Hanauma,AT,WitchesBrew,WA,,4.72,0.32,0,0,0.48,0,0,0.08,0.56,0,0,0,0.24,0,0,0.32,0.00,0.88,0,0,0,0,,,,,,,,,,,,,,,,